{
	"textures": {
		"particle": "block/walnut_leaves",
		"middle": "block/walnut_leaves",
		"tips": "block/walnut_leaves_tips"
	},
	"elements": [
		{
			"name": "leaves",
			"from": [0, 0, 0],
			"to": [16, 16, 16],
			"faces": {
				"north": {"uv": [0, 0, 16, 16], "texture": "#middle", "cullface": "north", "tintindex": 0},
				"east": {"uv": [0, 0, 16, 16], "texture": "#middle", "cullface": "east", "tintindex": 0},
				"south": {"uv": [0, 0, 16, 16], "texture": "#middle", "cullface": "south", "tintindex": 0},
				"west": {"uv": [0, 0, 16, 16], "texture": "#middle", "cullface": "west", "tintindex": 0},
				"up": {"uv": [0, 0, 16, 16], "texture": "#middle", "cullface": "up", "tintindex": 0},
				"down": {"uv": [0, 0, 16, 16], "texture": "#middle", "cullface": "down", "tintindex": 0}
			}
		},
		{
			"name": "edgeNS",
			"from": [-0.025, -7, 0.025],
			"to": [15.925, 1, 15.975],
			"faces": {
				"north": {"uv": [4, 12, 12, 16], "texture": "#tips", "tintindex": 0},
				"east": {"uv": [4, 12, 12, 16], "texture": "#tips", "tintindex": 0},
				"south": {"uv": [4, 12, 12, 16], "texture": "#tips", "tintindex": 0},
				"west": {"uv": [4, 12, 12, 16], "texture": "#tips", "tintindex": 0}
			}
		},
		{
			"name": "crossEW",
			"from": [7.5, -7, -9],
			"to": [7.5, 25, 25],
			"rotation": {"angle": 45, "axis": "y", "origin": [7, 8, 7]},
			"faces": {
				"east": {"uv": [0, 0, 16, 16], "texture": "#tips", "tintindex": 0},
				"west": {"uv": [0, 0, 16, 16], "texture": "#tips", "tintindex": 0}
			}
		},
		{
			"name": "crossNS",
			"from": [-9, -7, 7.5],
			"to": [25, 25, 7.5],
			"rotation": {"angle": 45, "axis": "y", "origin": [8, 8, 8]},
			"faces": {
				"north": {"uv": [0, 0, 16, 16], "texture": "#tips", "tintindex": 0},
				"south": {"uv": [0, 0, 16, 16], "texture": "#tips", "tintindex": 0}
			}
		}
	]
}