{
	"credit": "Made with Blockbench",
	"textures": {
		"particle": "blue_skies:item/tools/shields/spike",
		"shield": "blue_skies:item/tools/shields/spike"
	},
	"elements": [
		{
			"from": [2, -4, 7],
			"to": [14, 8, 8],
			"rotation": {"angle": 0, "axis": "y", "origin": [8, 3, 8]},
			"faces": {
				"north": {"uv": [0, 1, 6, 7], "texture": "#shield"},
				"east": {"uv": [0, 1, 0.5, 7], "texture": "#shield"},
				"south": {"uv": [6, 1, 0, 7], "texture": "#shield"},
				"west": {"uv": [5.5, 1, 6, 7], "texture": "#shield"},
				"up": {"uv": [0, 1, 6, 1.5], "rotation": 180, "texture": "#shield"},
				"down": {"uv": [0, 6.5, 6, 7], "rotation": 180, "texture": "#shield"}
			}
		},
		{
			"from": [3, 8, 7],
			"to": [13, 10, 8],
			"rotation": {"angle": 0, "axis": "y", "origin": [9, 15, 8]},
			"faces": {
				"north": {"uv": [0.5, 0, 5.5, 1], "texture": "#shield"},
				"east": {"uv": [0.5, 0, 1, 1], "texture": "#shield"},
				"south": {"uv": [5.5, 0, 0.5, 1], "texture": "#shield"},
				"west": {"uv": [5, 0, 5.5, 1], "texture": "#shield"},
				"up": {"uv": [0.5, 0, 5.5, 0.5], "rotation": 180, "texture": "#shield"}
			}
		},
		{
			"from": [2, -11, 7],
			"to": [14, -4, 8],
			"rotation": {"angle": 0, "axis": "y", "origin": [8, -4, 8]},
			"faces": {
				"north": {"uv": [0, 7, 6, 10.5], "texture": "#shield"},
				"east": {"uv": [0, 7, 0.5, 10.5], "texture": "#shield"},
				"south": {"uv": [6, 7, 0, 10.5], "texture": "#shield"},
				"west": {"uv": [5.5, 7, 6, 10.5], "texture": "#shield"}
			}
		},
		{
			"from": [7.5, -2.5, 8],
			"to": [8.5, 2.5, 13],
			"faces": {
				"east": {"uv": [8.5, 0, 6, 2.5], "texture": "#shield"},
				"south": {"uv": [8, 0, 8.5, 2.5], "texture": "#shield"},
				"west": {"uv": [6, 0, 8.5, 2.5], "texture": "#shield"},
				"up": {"uv": [6, 0, 8.5, 0.5], "rotation": 90, "texture": "#shield"},
				"down": {"uv": [6, 2, 8.5, 2.5], "rotation": 270, "texture": "#shield"}
			}
		}
	],
	"gui_light": "front",
	"display": {
		"thirdperson_righthand": {
			"rotation": [0, -90, 0],
			"translation": [2.25, 6.75, 3.5],
			"scale": [1.05, 1.05, 1.05]
		},
		"thirdperson_lefthand": {
			"rotation": [0, -90, 0],
			"translation": [2.25, 6.75, 20],
			"scale": [1.05, 1.05, 1.05]
		},
		"firstperson_righthand": {
			"rotation": [0, 0, -5],
			"translation": [-0.25, 2, -0.5],
			"scale": [1.25, 1.25, 1.25]
		},
		"firstperson_lefthand": {
			"rotation": [0, 0, -5],
			"translation": [-0.25, 2, -0.5],
			"scale": [1.25, 1.25, 1.25]
		},
		"ground": {
			"translation": [0, 6, 0],
			"scale": [0.25, 0.25, 0.25]
		},
		"gui": {
			"rotation": [15, 160, 5],
			"translation": [0.25, 4.75, 0],
			"scale": [0.65, 0.65, 0.65]
		},
		"head": {
			"translation": [0, -6.25, -6.5]
		},
		"fixed": {
			"translation": [0, 3.25, -1.5],
			"scale": [0.5, 0.5, 0.5]
		}
	},
	"overrides": [
        {
            "predicate": {
                "blocking": 1
            },
            "model": "blue_skies:item/spike_shield_blocking"
        }
    ]
}